final_rg_match,manual_org_id_link,manual_pop_phoenix,manual_lead_department_portfolio,rg_final,FAA_combined,en_applied
"duplicated data in own list, Row 134 excluding blank cells.","Not found in applied-en, Row 1 excluding blank cells.","Not found in applied-en, Row 1 excluding blank cells.","Not found in applied-en, Row 1 excluding blank cells.","Not found in applied-en, Row 1 excluding blank cells.","Not found in applied-en, Row 3 excluding blank cells.","Not found in applied-en, Row 1 excluding blank cells."
,"Not found in applied-en, Row 3 excluding blank cells.","Not found in applied-en, Row 3 excluding blank cells.","Not found in applied-en, Row 3 excluding blank cells.","Not found in applied-en, Row 5 excluding blank cells.","Not found in applied-en, Row 5 excluding blank cells.","Not found in applied-en, Row 25 excluding blank cells."
,"Not found in applied-en, Row 5 excluding blank cells.","Not found in applied-en, Row 4 excluding blank cells.","Not found in applied-en, Row 4 excluding blank cells.","Not found in applied-en, Row 30 excluding blank cells.","Not found in applied-en, Row 7 excluding blank cells.","Not found in applied-en, Row 28 excluding blank cells."
,"Not found in applied-en, Row 6 excluding blank cells.","Not found in applied-en, Row 6 excluding blank cells.","Not found in applied-en, Row 6 excluding blank cells.","Not found in applied-en, Row 31 excluding blank cells.","Not found in applied-en, Row 8 excluding blank cells.","Not found in applied-en, Row 53 excluding blank cells."
,"Not found in applied-en, Row 7 excluding blank cells.","Not found in applied-en, Row 7 excluding blank cells.","Not found in applied-en, Row 7 excluding blank cells.","Not found in applied-en, Row 32 excluding blank cells.","Not found in applied-en, Row 9 excluding blank cells.","Not found in applied-en, Row 68 excluding blank cells."
,"Not found in applied-en, Row 8 excluding blank cells.","Not found in applied-en, Row 8 excluding blank cells.","Not found in applied-en, Row 8 excluding blank cells.","Not found in applied-en, Row 34 excluding blank cells.","Not found in applied-en, Row 10 excluding blank cells.","Not found in applied-en, duplicated data in own list, Row 69 excluding blank cells."
,"Not found in applied-en, Row 9 excluding blank cells.","Not found in applied-en, Row 9 excluding blank cells.","Not found in applied-en, Row 9 excluding blank cells.","Not found in applied-en, Row 35 excluding blank cells.","Not found in applied-en, Row 11 excluding blank cells.","Not found in applied-en, Row 76 excluding blank cells."
,"Not found in applied-en, Row 10 excluding blank cells.","Not found in applied-en, Row 10 excluding blank cells.","Not found in applied-en, Row 13 excluding blank cells.","Not found in applied-en, Row 36 excluding blank cells.","Not found in applied-en, Row 12 excluding blank cells.","Not found in applied-en, Row 84 excluding blank cells."
,"Not found in applied-en, Row 11 excluding blank cells.","Not found in applied-en, Row 11 excluding blank cells.","Not found in applied-en, Row 14 excluding blank cells.","Not found in applied-en, Row 37 excluding blank cells.","Not found in applied-en, Row 13 excluding blank cells.","Not found in applied-en, Row 85 excluding blank cells."
,"Not found in applied-en, Row 12 excluding blank cells.","Not found in applied-en, Row 12 excluding blank cells.","Not found in applied-en, Row 26 excluding blank cells.","Not found in applied-en, Row 38 excluding blank cells.","Not found in applied-en, Row 18 excluding blank cells.",
,"Not found in applied-en, Row 13 excluding blank cells.","Not found in applied-en, Row 13 excluding blank cells.","Not found in applied-en, Row 27 excluding blank cells.","Not found in applied-en, Row 41 excluding blank cells.","Not found in applied-en, Row 44 excluding blank cells.",
,"Not found in applied-en, Row 15 excluding blank cells.","Not found in applied-en, Row 14 excluding blank cells.","Not found in applied-en, Row 28 excluding blank cells.","Not found in applied-en, Row 42 excluding blank cells.","Not found in applied-en, Row 49 excluding blank cells.",
,"Not found in applied-en, Row 18 excluding blank cells.","Not found in applied-en, Row 15 excluding blank cells.","Not found in applied-en, Row 29 excluding blank cells.","Not found in applied-en, Row 43 excluding blank cells.","Not found in applied-en, Row 72 excluding blank cells.",
,"Not found in applied-en, Row 19 excluding blank cells.","Not found in applied-en, Row 17 excluding blank cells.","Not found in applied-en, Row 30 excluding blank cells.","Not found in applied-en, Row 44 excluding blank cells.","Not found in applied-en, Row 74 excluding blank cells.",
,"Not found in applied-en, Row 20 excluding blank cells.","Not found in applied-en, Row 20 excluding blank cells.","Not found in applied-en, Row 31 excluding blank cells.","Not found in applied-en, Row 45 excluding blank cells.","Not found in applied-en, Row 76 excluding blank cells.",
,"Not found in applied-en, Row 21 excluding blank cells.","Not found in applied-en, Row 21 excluding blank cells.","Not found in applied-en, Row 32 excluding blank cells.","Not found in applied-en, Row 46 excluding blank cells.","Not found in applied-en, Row 81 excluding blank cells.",
,"Not found in applied-en, Row 22 excluding blank cells.","Not found in applied-en, Row 22 excluding blank cells.","Not found in applied-en, Row 33 excluding blank cells.","Not found in applied-en, Row 47 excluding blank cells.","Not found in applied-en, Row 82 excluding blank cells.",
,"Not found in applied-en, Row 23 excluding blank cells.","Not found in applied-en, Row 23 excluding blank cells.","Not found in applied-en, Row 34 excluding blank cells.","Not found in applied-en, Row 48 excluding blank cells.","Not found in applied-en, Row 85 excluding blank cells.",
,"Not found in applied-en, Row 24 excluding blank cells.","Not found in applied-en, Row 24 excluding blank cells.","Not found in applied-en, Row 35 excluding blank cells.","Not found in applied-en, Row 49 excluding blank cells.","Not found in applied-en, Row 88 excluding blank cells.",
,"Not found in applied-en, Row 25 excluding blank cells.","Not found in applied-en, Row 25 excluding blank cells.","Not found in applied-en, Row 37 excluding blank cells.","Not found in applied-en, Row 51 excluding blank cells.","Not found in applied-en, Row 95 excluding blank cells.",
,"Not found in applied-en, Row 26 excluding blank cells.","Not found in applied-en, Row 26 excluding blank cells.","Not found in applied-en, Row 38 excluding blank cells.","Not found in applied-en, Row 103 excluding blank cells.","Not found in applied-en, Row 97 excluding blank cells.",
,"Not found in applied-en, Row 28 excluding blank cells.","Not found in applied-en, Row 27 excluding blank cells.","Not found in applied-en, duplicated data in own list, Row 39 excluding blank cells.","Not found in applied-en, Row 105 excluding blank cells.","Not found in applied-en, Row 113 excluding blank cells.",
,"Not found in applied-en, Row 29 excluding blank cells.","Not found in applied-en, Row 28 excluding blank cells.","Not found in applied-en, Row 40 excluding blank cells.","Not found in applied-en, Row 117 excluding blank cells.","Not found in applied-en, Row 115 excluding blank cells.",
,"Not found in applied-en, Row 31 excluding blank cells.","Not found in applied-en, Row 30 excluding blank cells.","Not found in applied-en, Row 43 excluding blank cells.","Not found in applied-en, Row 135 excluding blank cells.","Not found in applied-en, Row 117 excluding blank cells.",
,"Not found in applied-en, Row 32 excluding blank cells.","Not found in applied-en, Row 31 excluding blank cells.","Not found in applied-en, Row 44 excluding blank cells.",,"Not found in applied-en, Row 120 excluding blank cells.",
,"Not found in applied-en, Row 33 excluding blank cells.","Not found in applied-en, Row 33 excluding blank cells.","Not found in applied-en, Row 46 excluding blank cells.",,"Not found in applied-en, Row 124 excluding blank cells.",
,"Not found in applied-en, Row 34 excluding blank cells.","Not found in applied-en, Row 34 excluding blank cells.","Not found in applied-en, Row 47 excluding blank cells.",,"Not found in applied-en, Row 129 excluding blank cells.",
,"Not found in applied-en, Row 35 excluding blank cells.","Not found in applied-en, Row 35 excluding blank cells.","Not found in applied-en, Row 48 excluding blank cells.",,"Not found in applied-en, Row 135 excluding blank cells.",
,"Not found in applied-en, Row 36 excluding blank cells.","Not found in applied-en, Row 36 excluding blank cells.","Not found in applied-en, Row 49 excluding blank cells.",,"Not found in applied-en, Row 138 excluding blank cells.",
,"Not found in applied-en, Row 37 excluding blank cells.","Not found in applied-en, Row 37 excluding blank cells.","Not found in applied-en, Row 50 excluding blank cells.",,"Not found in applied-en, Row 142 excluding blank cells.",
,"Not found in applied-en, Row 38 excluding blank cells.","Not found in applied-en, Row 38 excluding blank cells.","Not found in applied-en, Row 51 excluding blank cells.",,,
,"Not found in applied-en, Row 39 excluding blank cells.","Not found in applied-en, Row 39 excluding blank cells.","Not found in applied-en, Row 52 excluding blank cells.",,,
,"Not found in applied-en, Row 40 excluding blank cells.","Not found in applied-en, Row 40 excluding blank cells.","Not found in applied-en, Row 53 excluding blank cells.",,,
,"Not found in applied-en, Row 41 excluding blank cells.","Not found in applied-en, Row 41 excluding blank cells.","Not found in applied-en, Row 58 excluding blank cells.",,,
,"Not found in applied-en, Row 42 excluding blank cells.","Not found in applied-en, Row 42 excluding blank cells.","Not found in applied-en, Row 59 excluding blank cells.",,,
,"Not found in applied-en, Row 43 excluding blank cells.","Not found in applied-en, Row 43 excluding blank cells.","Not found in applied-en, Row 63 excluding blank cells.",,,
,"Not found in applied-en, Row 44 excluding blank cells.","Not found in applied-en, Row 44 excluding blank cells.","Not found in applied-en, Row 65 excluding blank cells.",,,
,"Not found in applied-en, Row 45 excluding blank cells.","Not found in applied-en, Row 45 excluding blank cells.","Not found in applied-en, Row 68 excluding blank cells.",,,
,"Not found in applied-en, Row 47 excluding blank cells.","Not found in applied-en, Row 46 excluding blank cells.","Not found in applied-en, Row 69 excluding blank cells.",,,
,"Not found in applied-en, Row 49 excluding blank cells.","Not found in applied-en, Row 47 excluding blank cells.","Not found in applied-en, Row 70 excluding blank cells.",,,
,"Not found in applied-en, Row 52 excluding blank cells.","Not found in applied-en, Row 48 excluding blank cells.","Not found in applied-en, Row 71 excluding blank cells.",,,
,"Not found in applied-en, Row 53 excluding blank cells.","Not found in applied-en, Row 49 excluding blank cells.","Not found in applied-en, duplicated data in own list, Row 72 excluding blank cells.",,,
,"Not found in applied-en, Row 54 excluding blank cells.","Not found in applied-en, Row 51 excluding blank cells.","Not found in applied-en, Row 74 excluding blank cells.",,,
,"Not found in applied-en, Row 56 excluding blank cells.","Not found in applied-en, Row 52 excluding blank cells.","Not found in applied-en, Row 76 excluding blank cells.",,,
,"Not found in applied-en, Row 58 excluding blank cells.","Not found in applied-en, Row 53 excluding blank cells.","Not found in applied-en, Row 77 excluding blank cells.",,,
,"Not found in applied-en, Row 59 excluding blank cells.","Not found in applied-en, Row 56 excluding blank cells.","Not found in applied-en, Row 78 excluding blank cells.",,,
,"Not found in applied-en, Row 62 excluding blank cells.","Not found in applied-en, Row 57 excluding blank cells.","Not found in applied-en, Row 79 excluding blank cells.",,,
,"Not found in applied-en, Row 63 excluding blank cells.","Not found in applied-en, Row 58 excluding blank cells.","Not found in applied-en, Row 80 excluding blank cells.",,,
,"Not found in applied-en, Row 65 excluding blank cells.","Not found in applied-en, Row 59 excluding blank cells.","Not found in applied-en, Row 81 excluding blank cells.",,,
,"Not found in applied-en, Row 66 excluding blank cells.","Not found in applied-en, Row 61 excluding blank cells.","Not found in applied-en, Row 82 excluding blank cells.",,,
,"Not found in applied-en, Row 69 excluding blank cells.","Not found in applied-en, Row 62 excluding blank cells.","Not found in applied-en, Row 85 excluding blank cells.",,,
,"Not found in applied-en, Row 71 excluding blank cells.","Not found in applied-en, Row 65 excluding blank cells.","Not found in applied-en, Row 86 excluding blank cells.",,,
,"Not found in applied-en, Row 72 excluding blank cells.","Not found in applied-en, Row 66 excluding blank cells.","Not found in applied-en, Row 89 excluding blank cells.",,,
,"Not found in applied-en, Row 73 excluding blank cells.","Not found in applied-en, Row 68 excluding blank cells.","Not found in applied-en, Row 90 excluding blank cells.",,,
,"Not found in applied-en, Row 75 excluding blank cells.","Not found in applied-en, Row 69 excluding blank cells.","Not found in applied-en, Row 91 excluding blank cells.",,,
,"Not found in applied-en, Row 78 excluding blank cells.","Not found in applied-en, Row 71 excluding blank cells.","Not found in applied-en, Row 92 excluding blank cells.",,,
,"Not found in applied-en, Row 79 excluding blank cells.","Not found in applied-en, Row 73 excluding blank cells.","Not found in applied-en, Row 96 excluding blank cells.",,,
,"Not found in applied-en, Row 81 excluding blank cells.","Not found in applied-en, Row 74 excluding blank cells.","Not found in applied-en, Row 97 excluding blank cells.",,,
,"Not found in applied-en, Row 83 excluding blank cells.","Not found in applied-en, Row 75 excluding blank cells.","Not found in applied-en, Row 98 excluding blank cells.",,,
,"Not found in applied-en, Row 84 excluding blank cells.","Not found in applied-en, Row 77 excluding blank cells.","Not found in applied-en, Row 100 excluding blank cells.",,,
,"Not found in applied-en, Row 85 excluding blank cells.","Not found in applied-en, Row 78 excluding blank cells.","Not found in applied-en, Row 101 excluding blank cells.",,,
,"Not found in applied-en, Row 86 excluding blank cells.","Not found in applied-en, Row 80 excluding blank cells.","Not found in applied-en, Row 102 excluding blank cells.",,,
,"Not found in applied-en, Row 87 excluding blank cells.","Not found in applied-en, Row 81 excluding blank cells.","Not found in applied-en, Row 104 excluding blank cells.",,,
,"Not found in applied-en, Row 89 excluding blank cells.","Not found in applied-en, Row 83 excluding blank cells.","Not found in applied-en, Row 105 excluding blank cells.",,,
,"Not found in applied-en, Row 95 excluding blank cells.","Not found in applied-en, Row 85 excluding blank cells.","Not found in applied-en, Row 106 excluding blank cells.",,,
,"Not found in applied-en, Row 96 excluding blank cells.","Not found in applied-en, Row 86 excluding blank cells.","Not found in applied-en, Row 107 excluding blank cells.",,,
,"Not found in applied-en, Row 97 excluding blank cells.","Not found in applied-en, Row 87 excluding blank cells.","Not found in applied-en, Row 109 excluding blank cells.",,,
,"Not found in applied-en, Row 102 excluding blank cells.","Not found in applied-en, Row 88 excluding blank cells.","Not found in applied-en, Row 110 excluding blank cells.",,,
,"Not found in applied-en, Row 103 excluding blank cells.","Not found in applied-en, Row 89 excluding blank cells.","Not found in applied-en, Row 112 excluding blank cells.",,,
,"Not found in applied-en, Row 105 excluding blank cells.","Not found in applied-en, Row 91 excluding blank cells.","Not found in applied-en, Row 113 excluding blank cells.",,,
,"Not found in applied-en, Row 108 excluding blank cells.","Not found in applied-en, Row 97 excluding blank cells.","Not found in applied-en, duplicated data in own list, Row 115 excluding blank cells.",,,
,"Not found in applied-en, Row 109 excluding blank cells.","Not found in applied-en, Row 98 excluding blank cells.","Not found in applied-en, duplicated data in own list, Row 116 excluding blank cells.",,,
,"Not found in applied-en, Row 110 excluding blank cells.","Not found in applied-en, Row 99 excluding blank cells.","Not found in applied-en, Row 117 excluding blank cells.",,,
,"Not found in applied-en, Row 111 excluding blank cells.","Not found in applied-en, Row 104 excluding blank cells.","Not found in applied-en, Row 119 excluding blank cells.",,,
,"Not found in applied-en, Row 114 excluding blank cells.","Not found in applied-en, Row 105 excluding blank cells.","Not found in applied-en, Row 121 excluding blank cells.",,,
,"Not found in applied-en, Row 115 excluding blank cells.","Not found in applied-en, Row 106 excluding blank cells.","Not found in applied-en, Row 124 excluding blank cells.",,,
,"Not found in applied-en, Row 116 excluding blank cells.","Not found in applied-en, Row 108 excluding blank cells.","Not found in applied-en, Row 125 excluding blank cells.",,,
,"Not found in applied-en, Row 117 excluding blank cells.","Not found in applied-en, Row 109 excluding blank cells.","Not found in applied-en, Row 126 excluding blank cells.",,,
,"Not found in applied-en, Row 119 excluding blank cells.","Not found in applied-en, Row 110 excluding blank cells.","Not found in applied-en, Row 129 excluding blank cells.",,,
,"Not found in applied-en, Row 120 excluding blank cells.","Not found in applied-en, Row 111 excluding blank cells.","Not found in applied-en, Row 132 excluding blank cells.",,,
,"Not found in applied-en, Row 121 excluding blank cells.","Not found in applied-en, Row 113 excluding blank cells.","Not found in applied-en, Row 134 excluding blank cells.",,,
,"Not found in applied-en, Row 123 excluding blank cells.","Not found in applied-en, Row 114 excluding blank cells.","Not found in applied-en, Row 135 excluding blank cells.",,,
,"Not found in applied-en, Row 124 excluding blank cells.","Not found in applied-en, Row 115 excluding blank cells.","Not found in applied-en, Row 138 excluding blank cells.",,,
,"Not found in applied-en, Row 126 excluding blank cells.","Not found in applied-en, Row 116 excluding blank cells.","Not found in applied-en, Row 139 excluding blank cells.",,,
,"Not found in applied-en, Row 128 excluding blank cells.","Not found in applied-en, Row 117 excluding blank cells.","Not found in applied-en, Row 141 excluding blank cells.",,,
,"Not found in applied-en, Row 129 excluding blank cells.","Not found in applied-en, Row 118 excluding blank cells.","Not found in applied-en, Row 142 excluding blank cells.",,,
,"Not found in applied-en, Row 130 excluding blank cells.","Not found in applied-en, Row 119 excluding blank cells.","Not found in applied-en, Row 143 excluding blank cells.",,,
,"Not found in applied-en, Row 153 excluding blank cells.","Not found in applied-en, Row 120 excluding blank cells.","Not found in applied-en, Row 145 excluding blank cells.",,,
,"Not found in applied-en, Row 155 excluding blank cells.","Not found in applied-en, Row 121 excluding blank cells.","Not found in applied-en, duplicated data in own list, Row 147 excluding blank cells.",,,
,"Not found in applied-en, Row 156 excluding blank cells.","Not found in applied-en, Row 122 excluding blank cells.","Not found in applied-en, duplicated data in own list, Row 148 excluding blank cells.",,,
,"Not found in applied-en, Row 157 excluding blank cells.","Not found in applied-en, Row 123 excluding blank cells.","Not found in applied-en, Row 149 excluding blank cells.",,,
,"Not found in applied-en, Row 158 excluding blank cells.","Not found in applied-en, Row 124 excluding blank cells.","Not found in applied-en, Row 151 excluding blank cells.",,,
,"Not found in applied-en, Row 159 excluding blank cells.","Not found in applied-en, Row 125 excluding blank cells.","Not found in applied-en, Row 153 excluding blank cells.",,,
,"Not found in applied-en, Row 160 excluding blank cells.","Not found in applied-en, Row 126 excluding blank cells.","Not found in applied-en, Row 154 excluding blank cells.",,,
,"Not found in applied-en, Row 161 excluding blank cells.","Not found in applied-en, Row 128 excluding blank cells.","Not found in applied-en, Row 156 excluding blank cells.",,,
,"Not found in applied-en, Row 163 excluding blank cells.","Not found in applied-en, Row 129 excluding blank cells.","Not found in applied-en, Row 157 excluding blank cells.",,,
,"Not found in applied-en, Row 164 excluding blank cells.","Not found in applied-en, Row 130 excluding blank cells.","Not found in applied-en, Row 160 excluding blank cells.",,,
,"Not found in applied-en, Row 165 excluding blank cells.","Not found in applied-en, Row 131 excluding blank cells.","Not found in applied-en, Row 161 excluding blank cells.",,,
,"Not found in applied-en, Row 168 excluding blank cells.","Not found in applied-en, Row 132 excluding blank cells.","Not found in applied-en, Row 162 excluding blank cells.",,,
,"Not found in applied-en, Row 169 excluding blank cells.","Not found in applied-en, Row 133 excluding blank cells.","Not found in applied-en, Row 163 excluding blank cells.",,,
,"Not found in applied-en, Row 172 excluding blank cells.","Not found in applied-en, Row 134 excluding blank cells.","Not found in applied-en, Row 165 excluding blank cells.",,,
,"Not found in applied-en, Row 173 excluding blank cells.","Not found in applied-en, Row 135 excluding blank cells.","Not found in applied-en, Row 167 excluding blank cells.",,,
,"Not found in applied-en, Row 174 excluding blank cells.","Not found in applied-en, Row 136 excluding blank cells.","Not found in applied-en, Row 168 excluding blank cells.",,,
,"Not found in applied-en, Row 175 excluding blank cells.","Not found in applied-en, Row 137 excluding blank cells.","Not found in applied-en, Row 169 excluding blank cells.",,,
,"Not found in applied-en, Row 176 excluding blank cells.","Not found in applied-en, Row 138 excluding blank cells.","Not found in applied-en, Row 170 excluding blank cells.",,,
,"Not found in applied-en, Row 177 excluding blank cells.","Not found in applied-en, Row 139 excluding blank cells.","Not found in applied-en, Row 171 excluding blank cells.",,,
,"Not found in applied-en, Row 178 excluding blank cells.","Not found in applied-en, Row 140 excluding blank cells.","Not found in applied-en, Row 172 excluding blank cells.",,,
,"Not found in applied-en, Row 179 excluding blank cells.","Not found in applied-en, Row 141 excluding blank cells.","Not found in applied-en, Row 173 excluding blank cells.",,,
,"Not found in applied-en, Row 180 excluding blank cells.","Not found in applied-en, Row 142 excluding blank cells.","Not found in applied-en, Row 174 excluding blank cells.",,,
,"Not found in applied-en, Row 181 excluding blank cells.","Not found in applied-en, Row 143 excluding blank cells.","Not found in applied-en, Row 175 excluding blank cells.",,,
,"Not found in applied-en, Row 182 excluding blank cells.","Not found in applied-en, Row 144 excluding blank cells.","Not found in applied-en, Row 176 excluding blank cells.",,,
,"Not found in applied-en, Row 183 excluding blank cells.","Not found in applied-en, Row 145 excluding blank cells.","Not found in applied-en, Row 177 excluding blank cells.",,,
,"Not found in applied-en, Row 184 excluding blank cells.","Not found in applied-en, Row 147 excluding blank cells.","Not found in applied-en, Row 178 excluding blank cells.",,,
,"Not found in applied-en, Row 185 excluding blank cells.","Not found in applied-en, Row 148 excluding blank cells.","Not found in applied-en, Row 179 excluding blank cells.",,,
,"Not found in applied-en, Row 186 excluding blank cells.","Not found in applied-en, Row 149 excluding blank cells.","Not found in applied-en, Row 181 excluding blank cells.",,,
,"Not found in applied-en, Row 187 excluding blank cells.","Not found in applied-en, Row 150 excluding blank cells.","Not found in applied-en, Row 182 excluding blank cells.",,,
,"Not found in applied-en, Row 188 excluding blank cells.","Not found in applied-en, Row 151 excluding blank cells.","Not found in applied-en, Row 183 excluding blank cells.",,,
,"Not found in applied-en, Row 189 excluding blank cells.","Not found in applied-en, Row 154 excluding blank cells.","Not found in applied-en, Row 184 excluding blank cells.",,,
,"Not found in applied-en, Row 190 excluding blank cells.","Not found in applied-en, Row 157 excluding blank cells.","Not found in applied-en, Row 185 excluding blank cells.",,,
,"Not found in applied-en, Row 191 excluding blank cells.","Not found in applied-en, Row 158 excluding blank cells.","Not found in applied-en, Row 186 excluding blank cells.",,,
,"Not found in applied-en, Row 192 excluding blank cells.","Not found in applied-en, Row 159 excluding blank cells.","Not found in applied-en, Row 187 excluding blank cells.",,,
,"Not found in applied-en, Row 196 excluding blank cells.","Not found in applied-en, Row 160 excluding blank cells.","Not found in applied-en, Row 188 excluding blank cells.",,,
,"Not found in applied-en, Row 197 excluding blank cells.","Not found in applied-en, Row 161 excluding blank cells.","Not found in applied-en, Row 189 excluding blank cells.",,,
,"Not found in applied-en, Row 198 excluding blank cells.","Not found in applied-en, Row 162 excluding blank cells.","Not found in applied-en, Row 190 excluding blank cells.",,,
,"Not found in applied-en, Row 199 excluding blank cells.","Not found in applied-en, Row 163 excluding blank cells.","Not found in applied-en, Row 191 excluding blank cells.",,,
,"Not found in applied-en, Row 200 excluding blank cells.","Not found in applied-en, Row 164 excluding blank cells.","Not found in applied-en, Row 192 excluding blank cells.",,,
,"Not found in applied-en, Row 201 excluding blank cells.","Not found in applied-en, Row 165 excluding blank cells.","Not found in applied-en, Row 193 excluding blank cells.",,,
,"Not found in applied-en, Row 202 excluding blank cells.","Not found in applied-en, Row 166 excluding blank cells.","Not found in applied-en, Row 194 excluding blank cells.",,,
,"Not found in applied-en, Row 203 excluding blank cells.","Not found in applied-en, Row 167 excluding blank cells.","Not found in applied-en, Row 195 excluding blank cells.",,,
,"Not found in applied-en, Row 204 excluding blank cells.","Not found in applied-en, Row 168 excluding blank cells.","Not found in applied-en, Row 196 excluding blank cells.",,,
,"Not found in applied-en, Row 205 excluding blank cells.","Not found in applied-en, Row 169 excluding blank cells.","Not found in applied-en, Row 197 excluding blank cells.",,,
,"Not found in applied-en, Row 206 excluding blank cells.","Not found in applied-en, Row 170 excluding blank cells.","Not found in applied-en, Row 198 excluding blank cells.",,,
,"Not found in applied-en, Row 207 excluding blank cells.","Not found in applied-en, Row 171 excluding blank cells.","Not found in applied-en, Row 199 excluding blank cells.",,,
,"Not found in applied-en, Row 209 excluding blank cells.","Not found in applied-en, Row 172 excluding blank cells.","Not found in applied-en, Row 203 excluding blank cells.",,,
,"Not found in applied-en, Row 210 excluding blank cells.","Not found in applied-en, Row 173 excluding blank cells.","Not found in applied-en, Row 207 excluding blank cells.",,,
,"Not found in applied-en, Row 212 excluding blank cells.","Not found in applied-en, Row 174 excluding blank cells.","Not found in applied-en, Row 208 excluding blank cells.",,,
,"Not found in applied-en, Row 213 excluding blank cells.","Not found in applied-en, Row 175 excluding blank cells.","Not found in applied-en, Row 209 excluding blank cells.",,,
,"Not found in applied-en, Row 214 excluding blank cells.","Not found in applied-en, Row 176 excluding blank cells.","Not found in applied-en, Row 210 excluding blank cells.",,,
,"Not found in applied-en, Row 215 excluding blank cells.","Not found in applied-en, Row 177 excluding blank cells.","Not found in applied-en, Row 211 excluding blank cells.",,,
,"Not found in applied-en, Row 217 excluding blank cells.","Not found in applied-en, Row 178 excluding blank cells.","Not found in applied-en, Row 212 excluding blank cells.",,,
,"Not found in applied-en, Row 218 excluding blank cells.","Not found in applied-en, Row 179 excluding blank cells.","Not found in applied-en, Row 213 excluding blank cells.",,,
,"Not found in applied-en, Row 219 excluding blank cells.","Not found in applied-en, Row 180 excluding blank cells.","Not found in applied-en, Row 214 excluding blank cells.",,,
,"Not found in applied-en, Row 220 excluding blank cells.","Not found in applied-en, Row 182 excluding blank cells.","Not found in applied-en, Row 215 excluding blank cells.",,,
,"Not found in applied-en, Row 221 excluding blank cells.","Not found in applied-en, Row 183 excluding blank cells.","Not found in applied-en, Row 216 excluding blank cells.",,,
,"Not found in applied-en, Row 223 excluding blank cells.","Not found in applied-en, Row 185 excluding blank cells.","Not found in applied-en, Row 217 excluding blank cells.",,,
,"Not found in applied-en, Row 224 excluding blank cells.","Not found in applied-en, Row 186 excluding blank cells.","Not found in applied-en, Row 218 excluding blank cells.",,,
,"Not found in applied-en, Row 227 excluding blank cells.","Not found in applied-en, Row 187 excluding blank cells.","Not found in applied-en, Row 219 excluding blank cells.",,,
,"Not found in applied-en, Row 228 excluding blank cells.","Not found in applied-en, Row 188 excluding blank cells.","Not found in applied-en, Row 220 excluding blank cells.",,,
,"Not found in applied-en, Row 230 excluding blank cells.","Not found in applied-en, Row 189 excluding blank cells.","Not found in applied-en, Row 221 excluding blank cells.",,,
,"Not found in applied-en, Row 231 excluding blank cells.","Not found in applied-en, Row 190 excluding blank cells.","Not found in applied-en, Row 222 excluding blank cells.",,,
,"Not found in applied-en, Row 232 excluding blank cells.","Not found in applied-en, Row 191 excluding blank cells.","Not found in applied-en, Row 223 excluding blank cells.",,,
,"Not found in applied-en, Row 233 excluding blank cells.","Not found in applied-en, Row 192 excluding blank cells.","Not found in applied-en, Row 224 excluding blank cells.",,,
,"Not found in applied-en, Row 234 excluding blank cells.","Not found in applied-en, Row 193 excluding blank cells.","Not found in applied-en, Row 225 excluding blank cells.",,,
,"Not found in applied-en, Row 237 excluding blank cells.","Not found in applied-en, Row 194 excluding blank cells.","Not found in applied-en, Row 226 excluding blank cells.",,,
,"Not found in applied-en, Row 238 excluding blank cells.","Not found in applied-en, Row 195 excluding blank cells.","Not found in applied-en, Row 227 excluding blank cells.",,,
,"Not found in applied-en, Row 239 excluding blank cells.","Not found in applied-en, Row 196 excluding blank cells.","Not found in applied-en, Row 228 excluding blank cells.",,,
,"Not found in applied-en, Row 240 excluding blank cells.","Not found in applied-en, Row 197 excluding blank cells.","Not found in applied-en, Row 229 excluding blank cells.",,,
,"Not found in applied-en, Row 241 excluding blank cells.","Not found in applied-en, Row 198 excluding blank cells.","Not found in applied-en, Row 231 excluding blank cells.",,,
,"Not found in applied-en, Row 244 excluding blank cells.","Not found in applied-en, Row 199 excluding blank cells.","Not found in applied-en, Row 232 excluding blank cells.",,,
,"Not found in applied-en, Row 249 excluding blank cells.","Not found in applied-en, Row 201 excluding blank cells.","Not found in applied-en, Row 233 excluding blank cells.",,,
,"Not found in applied-en, Row 250 excluding blank cells.","Not found in applied-en, Row 202 excluding blank cells.","Not found in applied-en, Row 234 excluding blank cells.",,,
,"Not found in applied-en, Row 252 excluding blank cells.","Not found in applied-en, Row 204 excluding blank cells.","Not found in applied-en, Row 235 excluding blank cells.",,,
,"Not found in applied-en, Row 254 excluding blank cells.","Not found in applied-en, Row 205 excluding blank cells.","Not found in applied-en, Row 236 excluding blank cells.",,,
,"Not found in applied-en, Row 255 excluding blank cells.","Not found in applied-en, Row 206 excluding blank cells.","Not found in applied-en, Row 237 excluding blank cells.",,,
,"Not found in applied-en, Row 256 excluding blank cells.","Not found in applied-en, Row 207 excluding blank cells.","Not found in applied-en, Row 238 excluding blank cells.",,,
,"Not found in applied-en, Row 258 excluding blank cells.","Not found in applied-en, Row 209 excluding blank cells.","Not found in applied-en, Row 239 excluding blank cells.",,,
,"Not found in applied-en, Row 261 excluding blank cells.","Not found in applied-en, Row 210 excluding blank cells.","Not found in applied-en, Row 240 excluding blank cells.",,,
,"Not found in applied-en, Row 262 excluding blank cells.","Not found in applied-en, Row 211 excluding blank cells.","Not found in applied-en, Row 241 excluding blank cells.",,,
,"Not found in applied-en, Row 266 excluding blank cells.","Not found in applied-en, Row 212 excluding blank cells.","Not found in applied-en, Row 242 excluding blank cells.",,,
,"Not found in applied-en, Row 270 excluding blank cells.","Not found in applied-en, Row 213 excluding blank cells.","Not found in applied-en, Row 243 excluding blank cells.",,,
,"Not found in applied-en, Row 272 excluding blank cells.","Not found in applied-en, Row 215 excluding blank cells.","Not found in applied-en, Row 244 excluding blank cells.",,,
,"Not found in applied-en, Row 274 excluding blank cells.","Not found in applied-en, Row 216 excluding blank cells.","Not found in applied-en, Row 245 excluding blank cells.",,,
,"Not found in applied-en, Row 276 excluding blank cells.","Not found in applied-en, Row 217 excluding blank cells.","Not found in applied-en, Row 246 excluding blank cells.",,,
,"Not found in applied-en, Row 277 excluding blank cells.","Not found in applied-en, Row 219 excluding blank cells.","Not found in applied-en, Row 247 excluding blank cells.",,,
,"Not found in applied-en, Row 279 excluding blank cells.","Not found in applied-en, Row 220 excluding blank cells.","Not found in applied-en, Row 248 excluding blank cells.",,,
,"Not found in applied-en, Row 281 excluding blank cells.","Not found in applied-en, Row 222 excluding blank cells.","Not found in applied-en, Row 249 excluding blank cells.",,,
,"Not found in applied-en, Row 282 excluding blank cells.","Not found in applied-en, Row 223 excluding blank cells.","Not found in applied-en, Row 250 excluding blank cells.",,,
,"Not found in applied-en, Row 283 excluding blank cells.","Not found in applied-en, Row 224 excluding blank cells.","Not found in applied-en, Row 251 excluding blank cells.",,,
,"Not found in applied-en, Row 284 excluding blank cells.","Not found in applied-en, Row 225 excluding blank cells.","Not found in applied-en, Row 252 excluding blank cells.",,,
,"Not found in applied-en, Row 285 excluding blank cells.","Not found in applied-en, Row 226 excluding blank cells.","Not found in applied-en, Row 253 excluding blank cells.",,,
,"Not found in applied-en, Row 286 excluding blank cells.","Not found in applied-en, Row 228 excluding blank cells.","Not found in applied-en, Row 254 excluding blank cells.",,,
,"Not found in applied-en, Row 287 excluding blank cells.","Not found in applied-en, Row 229 excluding blank cells.","Not found in applied-en, Row 255 excluding blank cells.",,,
,"Not found in applied-en, Row 289 excluding blank cells.","Not found in applied-en, Row 230 excluding blank cells.","Not found in applied-en, Row 256 excluding blank cells.",,,
,"Not found in applied-en, Row 290 excluding blank cells.","Not found in applied-en, Row 231 excluding blank cells.","Not found in applied-en, Row 257 excluding blank cells.",,,
,"Not found in applied-en, Row 292 excluding blank cells.","Not found in applied-en, Row 232 excluding blank cells.","Not found in applied-en, Row 258 excluding blank cells.",,,
,"Not found in applied-en, Row 295 excluding blank cells.","Not found in applied-en, Row 235 excluding blank cells.","Not found in applied-en, Row 259 excluding blank cells.",,,
,"Not found in applied-en, Row 298 excluding blank cells.","Not found in applied-en, Row 236 excluding blank cells.","Not found in applied-en, Row 260 excluding blank cells.",,,
,"Not found in applied-en, Row 299 excluding blank cells.","Not found in applied-en, Row 239 excluding blank cells.","Not found in applied-en, Row 261 excluding blank cells.",,,
,"Not found in applied-en, Row 300 excluding blank cells.","Not found in applied-en, Row 240 excluding blank cells.","Not found in applied-en, Row 262 excluding blank cells.",,,
,"Not found in applied-en, Row 301 excluding blank cells.","Not found in applied-en, Row 241 excluding blank cells.","Not found in applied-en, Row 263 excluding blank cells.",,,
,"Not found in applied-en, Row 302 excluding blank cells.","Not found in applied-en, Row 243 excluding blank cells.","Not found in applied-en, Row 264 excluding blank cells.",,,
,"Not found in applied-en, Row 303 excluding blank cells.","Not found in applied-en, Row 244 excluding blank cells.","Not found in applied-en, Row 265 excluding blank cells.",,,
,"Not found in applied-en, Row 304 excluding blank cells.","Not found in applied-en, Row 245 excluding blank cells.","Not found in applied-en, Row 266 excluding blank cells.",,,
,"Not found in applied-en, Row 305 excluding blank cells.","Not found in applied-en, Row 246 excluding blank cells.","Not found in applied-en, Row 267 excluding blank cells.",,,
,"Not found in applied-en, Row 306 excluding blank cells.","Not found in applied-en, Row 247 excluding blank cells.","Not found in applied-en, Row 268 excluding blank cells.",,,
,"Not found in applied-en, Row 307 excluding blank cells.","Not found in applied-en, Row 248 excluding blank cells.","Not found in applied-en, Row 269 excluding blank cells.",,,
,"Not found in applied-en, Row 308 excluding blank cells.","Not found in applied-en, Row 249 excluding blank cells.","Not found in applied-en, Row 270 excluding blank cells.",,,
,"Not found in applied-en, Row 309 excluding blank cells.","Not found in applied-en, Row 250 excluding blank cells.","Not found in applied-en, Row 271 excluding blank cells.",,,
,"Not found in applied-en, Row 310 excluding blank cells.","Not found in applied-en, Row 251 excluding blank cells.","Not found in applied-en, Row 272 excluding blank cells.",,,
,"Not found in applied-en, Row 312 excluding blank cells.","Not found in applied-en, Row 252 excluding blank cells.","Not found in applied-en, Row 273 excluding blank cells.",,,
,"Not found in applied-en, Row 314 excluding blank cells.","Not found in applied-en, Row 253 excluding blank cells.","Not found in applied-en, Row 274 excluding blank cells.",,,
,"Not found in applied-en, Row 315 excluding blank cells.","Not found in applied-en, Row 254 excluding blank cells.","Not found in applied-en, Row 275 excluding blank cells.",,,
,"Not found in applied-en, Row 317 excluding blank cells.","Not found in applied-en, Row 255 excluding blank cells.","Not found in applied-en, Row 276 excluding blank cells.",,,
,"Not found in applied-en, Row 318 excluding blank cells.","Not found in applied-en, Row 257 excluding blank cells.","Not found in applied-en, Row 277 excluding blank cells.",,,
,"Not found in applied-en, Row 320 excluding blank cells.","Not found in applied-en, Row 259 excluding blank cells.","Not found in applied-en, Row 278 excluding blank cells.",,,
,"Not found in applied-en, Row 321 excluding blank cells.","Not found in applied-en, Row 260 excluding blank cells.","Not found in applied-en, Row 279 excluding blank cells.",,,
,"Not found in applied-en, Row 323 excluding blank cells.","Not found in applied-en, Row 262 excluding blank cells.","Not found in applied-en, Row 280 excluding blank cells.",,,
,"Not found in applied-en, Row 324 excluding blank cells.","Not found in applied-en, Row 264 excluding blank cells.","Not found in applied-en, Row 281 excluding blank cells.",,,
,"Not found in applied-en, Row 325 excluding blank cells.","Not found in applied-en, Row 265 excluding blank cells.","Not found in applied-en, Row 282 excluding blank cells.",,,
,"Not found in applied-en, Row 326 excluding blank cells.","Not found in applied-en, Row 266 excluding blank cells.","Not found in applied-en, Row 283 excluding blank cells.",,,
,"Not found in applied-en, Row 327 excluding blank cells.","Not found in applied-en, Row 267 excluding blank cells.","Not found in applied-en, Row 284 excluding blank cells.",,,
,"Not found in applied-en, Row 328 excluding blank cells.","Not found in applied-en, Row 268 excluding blank cells.","Not found in applied-en, Row 285 excluding blank cells.",,,
,"Not found in applied-en, Row 329 excluding blank cells.","Not found in applied-en, Row 269 excluding blank cells.","Not found in applied-en, Row 286 excluding blank cells.",,,
,"Not found in applied-en, Row 332 excluding blank cells.","Not found in applied-en, Row 270 excluding blank cells.","Not found in applied-en, Row 287 excluding blank cells.",,,
,"Not found in applied-en, Row 333 excluding blank cells.","Not found in applied-en, Row 271 excluding blank cells.","Not found in applied-en, Row 288 excluding blank cells.",,,
,"Not found in applied-en, Row 334 excluding blank cells.","Not found in applied-en, Row 272 excluding blank cells.","Not found in applied-en, Row 289 excluding blank cells.",,,
,"Not found in applied-en, Row 335 excluding blank cells.","Not found in applied-en, Row 273 excluding blank cells.","Not found in applied-en, Row 290 excluding blank cells.",,,
,"Not found in applied-en, Row 336 excluding blank cells.","Not found in applied-en, Row 274 excluding blank cells.","Not found in applied-en, Row 291 excluding blank cells.",,,
,"Not found in applied-en, Row 337 excluding blank cells.","Not found in applied-en, Row 275 excluding blank cells.","Not found in applied-en, Row 292 excluding blank cells.",,,
,"Not found in applied-en, Row 340 excluding blank cells.","Not found in applied-en, Row 276 excluding blank cells.","Not found in applied-en, Row 293 excluding blank cells.",,,
,"Not found in applied-en, Row 341 excluding blank cells.","Not found in applied-en, Row 277 excluding blank cells.","Not found in applied-en, Row 294 excluding blank cells.",,,
,"Not found in applied-en, Row 342 excluding blank cells.","Not found in applied-en, Row 278 excluding blank cells.","Not found in applied-en, Row 295 excluding blank cells.",,,
,"Not found in applied-en, Row 344 excluding blank cells.","Not found in applied-en, Row 279 excluding blank cells.","Not found in applied-en, Row 296 excluding blank cells.",,,
,"Not found in applied-en, Row 346 excluding blank cells.","Not found in applied-en, Row 280 excluding blank cells.","Not found in applied-en, Row 297 excluding blank cells.",,,
,"Not found in applied-en, Row 347 excluding blank cells.","Not found in applied-en, Row 281 excluding blank cells.","Not found in applied-en, Row 298 excluding blank cells.",,,
,"Not found in applied-en, Row 348 excluding blank cells.","Not found in applied-en, Row 284 excluding blank cells.","Not found in applied-en, Row 299 excluding blank cells.",,,
,"Not found in applied-en, Row 349 excluding blank cells.","Not found in applied-en, Row 285 excluding blank cells.","Not found in applied-en, Row 300 excluding blank cells.",,,
,"Not found in applied-en, Row 350 excluding blank cells.","Not found in applied-en, Row 287 excluding blank cells.","Not found in applied-en, Row 301 excluding blank cells.",,,
,"Not found in applied-en, Row 351 excluding blank cells.","Not found in applied-en, Row 288 excluding blank cells.","Not found in applied-en, Row 302 excluding blank cells.",,,
,"Not found in applied-en, Row 354 excluding blank cells.","Not found in applied-en, Row 289 excluding blank cells.","Not found in applied-en, Row 305 excluding blank cells.",,,
,"Not found in applied-en, Row 355 excluding blank cells.","Not found in applied-en, Row 290 excluding blank cells.","Not found in applied-en, Row 306 excluding blank cells.",,,
,"duplicated data in own list, Row 356 excluding blank cells.","Not found in applied-en, Row 291 excluding blank cells.","Not found in applied-en, Row 307 excluding blank cells.",,,
,"Not found in applied-en, Row 357 excluding blank cells.","Not found in applied-en, Row 292 excluding blank cells.","Not found in applied-en, Row 308 excluding blank cells.",,,
,"Not found in applied-en, Row 359 excluding blank cells.","Not found in applied-en, Row 293 excluding blank cells.","Not found in applied-en, Row 309 excluding blank cells.",,,
,"Not found in applied-en, Row 360 excluding blank cells.","Not found in applied-en, Row 294 excluding blank cells.","Not found in applied-en, Row 310 excluding blank cells.",,,
,"Not found in applied-en, Row 362 excluding blank cells.","Not found in applied-en, Row 295 excluding blank cells.","Not found in applied-en, Row 311 excluding blank cells.",,,
,"Not found in applied-en, Row 365 excluding blank cells.","Not found in applied-en, Row 296 excluding blank cells.","Not found in applied-en, Row 312 excluding blank cells.",,,
,"Not found in applied-en, Row 366 excluding blank cells.","Not found in applied-en, Row 297 excluding blank cells.","Not found in applied-en, Row 313 excluding blank cells.",,,
,"Not found in applied-en, Row 367 excluding blank cells.","Not found in applied-en, Row 298 excluding blank cells.","Not found in applied-en, Row 314 excluding blank cells.",,,
,"Not found in applied-en, Row 368 excluding blank cells.","Not found in applied-en, Row 299 excluding blank cells.","Not found in applied-en, Row 315 excluding blank cells.",,,
,"Not found in applied-en, Row 369 excluding blank cells.","Not found in applied-en, Row 300 excluding blank cells.","Not found in applied-en, Row 316 excluding blank cells.",,,
,"Not found in applied-en, Row 370 excluding blank cells.","Not found in applied-en, Row 301 excluding blank cells.","Not found in applied-en, Row 317 excluding blank cells.",,,
,"Not found in applied-en, Row 371 excluding blank cells.","Not found in applied-en, Row 303 excluding blank cells.","Not found in applied-en, Row 318 excluding blank cells.",,,
,"Not found in applied-en, Row 373 excluding blank cells.","Not found in applied-en, Row 305 excluding blank cells.","Not found in applied-en, Row 319 excluding blank cells.",,,
,"Not found in applied-en, Row 374 excluding blank cells.","Not found in applied-en, Row 306 excluding blank cells.","Not found in applied-en, Row 320 excluding blank cells.",,,
,"Not found in applied-en, Row 375 excluding blank cells.","Not found in applied-en, Row 307 excluding blank cells.","Not found in applied-en, Row 321 excluding blank cells.",,,
,"Not found in applied-en, Row 376 excluding blank cells.","Not found in applied-en, Row 308 excluding blank cells.","Not found in applied-en, Row 322 excluding blank cells.",,,
,"Not found in applied-en, Row 377 excluding blank cells.","Not found in applied-en, Row 309 excluding blank cells.","Not found in applied-en, Row 323 excluding blank cells.",,,
,"Not found in applied-en, Row 378 excluding blank cells.","Not found in applied-en, Row 310 excluding blank cells.","Not found in applied-en, Row 324 excluding blank cells.",,,
,"Not found in applied-en, Row 381 excluding blank cells.","Not found in applied-en, Row 311 excluding blank cells.","Not found in applied-en, Row 325 excluding blank cells.",,,
,"Not found in applied-en, Row 382 excluding blank cells.","Not found in applied-en, Row 313 excluding blank cells.","Not found in applied-en, Row 326 excluding blank cells.",,,
,"Not found in applied-en, Row 383 excluding blank cells.","Not found in applied-en, Row 314 excluding blank cells.","Not found in applied-en, Row 327 excluding blank cells.",,,
,"Not found in applied-en, Row 384 excluding blank cells.","Not found in applied-en, Row 315 excluding blank cells.","Not found in applied-en, Row 328 excluding blank cells.",,,
,"Not found in applied-en, Row 385 excluding blank cells.","Not found in applied-en, Row 316 excluding blank cells.","Not found in applied-en, Row 329 excluding blank cells.",,,
,"Not found in applied-en, Row 387 excluding blank cells.","Not found in applied-en, Row 318 excluding blank cells.","Not found in applied-en, Row 330 excluding blank cells.",,,
,"Not found in applied-en, Row 388 excluding blank cells.","Not found in applied-en, Row 319 excluding blank cells.","Not found in applied-en, Row 331 excluding blank cells.",,,
,"Not found in applied-en, Row 389 excluding blank cells.","Not found in applied-en, Row 320 excluding blank cells.","Not found in applied-en, Row 332 excluding blank cells.",,,
,,"Not found in applied-en, Row 321 excluding blank cells.","Not found in applied-en, Row 333 excluding blank cells.",,,
,,"Not found in applied-en, Row 322 excluding blank cells.","Not found in applied-en, Row 334 excluding blank cells.",,,
,,"Not found in applied-en, Row 323 excluding blank cells.","Not found in applied-en, Row 335 excluding blank cells.",,,
,,"Not found in applied-en, Row 324 excluding blank cells.","Not found in applied-en, Row 336 excluding blank cells.",,,
,,"Not found in applied-en, Row 326 excluding blank cells.","duplicated data in own list, Row 337 excluding blank cells.",,,
,,"Not found in applied-en, Row 327 excluding blank cells.","Not found in applied-en, Row 338 excluding blank cells.",,,
,,"Not found in applied-en, Row 328 excluding blank cells.","Not found in applied-en, Row 339 excluding blank cells.",,,
,,"Not found in applied-en, Row 329 excluding blank cells.","Not found in applied-en, Row 341 excluding blank cells.",,,
,,"Not found in applied-en, Row 330 excluding blank cells.","Not found in applied-en, Row 342 excluding blank cells.",,,
,,"Not found in applied-en, Row 331 excluding blank cells.","Not found in applied-en, Row 343 excluding blank cells.",,,
,,"Not found in applied-en, Row 334 excluding blank cells.","Not found in applied-en, Row 344 excluding blank cells.",,,
,,"Not found in applied-en, Row 335 excluding blank cells.","Not found in applied-en, Row 345 excluding blank cells.",,,
,,"Not found in applied-en, Row 336 excluding blank cells.","Not found in applied-en, Row 346 excluding blank cells.",,,
,,"Not found in applied-en, Row 338 excluding blank cells.","Not found in applied-en, Row 347 excluding blank cells.",,,
,,"Not found in applied-en, Row 339 excluding blank cells.","Not found in applied-en, Row 348 excluding blank cells.",,,
,,"Not found in applied-en, Row 340 excluding blank cells.","Not found in applied-en, Row 349 excluding blank cells.",,,
,,"Not found in applied-en, Row 341 excluding blank cells.","Not found in applied-en, Row 350 excluding blank cells.",,,
,,"Not found in applied-en, Row 342 excluding blank cells.","Not found in applied-en, Row 351 excluding blank cells.",,,
,,"Not found in applied-en, Row 343 excluding blank cells.","Not found in applied-en, Row 352 excluding blank cells.",,,
,,"Not found in applied-en, Row 344 excluding blank cells.","Not found in applied-en, Row 353 excluding blank cells.",,,
,,"Not found in applied-en, Row 345 excluding blank cells.","Not found in applied-en, Row 354 excluding blank cells.",,,
,,"Not found in applied-en, Row 348 excluding blank cells.","Not found in applied-en, Row 355 excluding blank cells.",,,
,,"Not found in applied-en, Row 349 excluding blank cells.","Not found in applied-en, Row 356 excluding blank cells.",,,
,,"duplicated data in own list, Row 350 excluding blank cells.","Not found in applied-en, Row 357 excluding blank cells.",,,
,,"Not found in applied-en, Row 351 excluding blank cells.","Not found in applied-en, Row 358 excluding blank cells.",,,
,,"Not found in applied-en, Row 353 excluding blank cells.","Not found in applied-en, Row 359 excluding blank cells.",,,
,,"Not found in applied-en, Row 354 excluding blank cells.","Not found in applied-en, Row 360 excluding blank cells.",,,
,,"Not found in applied-en, Row 355 excluding blank cells.","Not found in applied-en, Row 361 excluding blank cells.",,,
,,"Not found in applied-en, Row 356 excluding blank cells.","Not found in applied-en, Row 362 excluding blank cells.",,,
,,"Not found in applied-en, Row 359 excluding blank cells.","Not found in applied-en, Row 363 excluding blank cells.",,,
,,"Not found in applied-en, Row 360 excluding blank cells.","Not found in applied-en, Row 364 excluding blank cells.",,,
,,"Not found in applied-en, Row 361 excluding blank cells.","Not found in applied-en, Row 365 excluding blank cells.",,,
,,"Not found in applied-en, Row 362 excluding blank cells.","Not found in applied-en, Row 366 excluding blank cells.",,,
,,"Not found in applied-en, Row 363 excluding blank cells.","Not found in applied-en, Row 367 excluding blank cells.",,,
,,"Not found in applied-en, Row 364 excluding blank cells.","Not found in applied-en, Row 368 excluding blank cells.",,,
,,"Not found in applied-en, Row 365 excluding blank cells.","Not found in applied-en, Row 369 excluding blank cells.",,,
,,"Not found in applied-en, Row 366 excluding blank cells.","Not found in applied-en, Row 370 excluding blank cells.",,,
,,"Not found in applied-en, Row 367 excluding blank cells.","Not found in applied-en, Row 371 excluding blank cells.",,,
,,"Not found in applied-en, Row 368 excluding blank cells.","Not found in applied-en, Row 372 excluding blank cells.",,,
,,"Not found in applied-en, Row 369 excluding blank cells.","Not found in applied-en, Row 373 excluding blank cells.",,,
,,"Not found in applied-en, Row 370 excluding blank cells.","Not found in applied-en, Row 374 excluding blank cells.",,,
,,"Not found in applied-en, Row 371 excluding blank cells.","Not found in applied-en, Row 375 excluding blank cells.",,,
,,"Not found in applied-en, Row 372 excluding blank cells.","Not found in applied-en, Row 376 excluding blank cells.",,,
,,"Not found in applied-en, Row 373 excluding blank cells.","Not found in applied-en, Row 377 excluding blank cells.",,,
,,"Not found in applied-en, Row 374 excluding blank cells.","Not found in applied-en, Row 378 excluding blank cells.",,,
,,"Not found in applied-en, Row 377 excluding blank cells.","Not found in applied-en, Row 379 excluding blank cells.",,,
,,"Not found in applied-en, Row 378 excluding blank cells.","Not found in applied-en, Row 380 excluding blank cells.",,,
,,"Not found in applied-en, Row 379 excluding blank cells.","Not found in applied-en, Row 381 excluding blank cells.",,,
,,"Not found in applied-en, Row 380 excluding blank cells.","Not found in applied-en, Row 382 excluding blank cells.",,,
,,"Not found in applied-en, Row 381 excluding blank cells.","Not found in applied-en, Row 383 excluding blank cells.",,,
,,"Not found in applied-en, Row 383 excluding blank cells.","Not found in applied-en, Row 384 excluding blank cells.",,,
,,"Not found in applied-en, Row 384 excluding blank cells.","Not found in applied-en, Row 385 excluding blank cells.",,,
,,"Not found in applied-en, Row 385 excluding blank cells.","Not found in applied-en, Row 386 excluding blank cells.",,,
,,"Not found in applied-en, Row 386 excluding blank cells.","Not found in applied-en, Row 387 excluding blank cells.",,,
,,"Not found in applied-en, Row 387 excluding blank cells.","Not found in applied-en, Row 388 excluding blank cells.",,,
,,"Not found in applied-en, Row 388 excluding blank cells.","Not found in applied-en, Row 389 excluding blank cells.",,,
,,"Not found in applied-en, Row 389 excluding blank cells.",,,,
,,,,,,
,,,,,,
,,,,,,
,,,,,,
,,,,,,
,,,,,,
,,,,,,
,,,,,,
,,,,,,
,,,,,,
,,,,,,
,,,,,,
,,,,,,
,,,,,,
,,,,,,
,,,,,,
,,,,,,
,,,,,,
,,,,,,
,,,,,,
,,,,,,
,,,,,,
,,,,,,
,,,,,,
,,,,,,
,,,,,,
,,,,,,
,,,,,,
,,,,,,
,,,,,,
,,,,,,
,,,,,,
,,,,,,
,,,,,,
,,,,,,
,,,,,,
,,,,,,
,,,,,,
,,,,,,
,,,,,,
,,,,,,
,,,,,,
,,,,,,
,,,,,,
,,,,,,
,,,,,,
,,,,,,
,,,,,,
,,,,,,
,,,,,,
,,,,,,
,,,,,,
,,,,,,
,,,,,,
,,,,,,
,,,,,,
,,,,,,
,,,,,,
,,,,,,
,,,,,,
,,,,,,
,,,,,,
,,,,,,
,,,,,,
,,,,,,
,,,,,,
,,,,,,
,,,,,,
,,,,,,
,,,,,,
,,,,,,
,,,,,,
,,,,,,
,,,,,,
,,,,,,
,,,,,,
,,,,,,
,,,,,,
,,,,,,
,,,,,,
,,,,,,
,,,,,,
,,,,,,
,,,,,,
,,,,,,
,,,,,,
